text,label
"В данный момент пишу диплом на тему ""моделирования процессов взаимного влияния скважин при многостадийном ГРП""  Использую для этого язык программирования Python  Продолжаю изучение английского языка",process
Стараюсь вникнуть в основу продуктового менеджмента  Также прохожу сейчас курс по маркетингу,process
Я два раза участвовала в кейсах по маркетингу  рекламе и пиару и оба раза победила,result
Мы с командой вели проект по разработке приложения для анализа техники бега человека с использованием технологии безмаркерного видеоанализа,process
Мы с командой создали проект по разработке приложения для анализа техники бега человека с использованием технологии безмаркерного видеоанализа  который в дальнейшем перерос полноценную работу с заказчиками,result
Мы пишем на python  используем нейросети  используем различные библиотеки  В данном проекте я являюсь разработчиком  проектным менеджером  выполняю много разных функций,process
Была стажировка в газпромнефти бизнес аналитиком  где я выполняла анализ различных конкурентных средств  Также этим летом я проходила образовательную стажировку в группе компаний Атон и инвестиционном банке,process
Моя команда тогда заняла второе место,result
Я поучаствовала в хакатоне газпромнефти по направлению закупок  где разбирался кейс Харасавэйского месторождения,process
В июне 2022 года я принимала участие в кейс чемпионате от газпромнефти Проэнергетику,process
В июне 2022 года я приняла участие в кейс чемпионате от газпромнефти Проэнергетику,result
Моя команда заняла первое место в кейс чемпионате от газпромнефти Проэнергетику,result
Я бы хотела принять участие в этом хакатоне и показать себя максимально ярко,result
Я бы хотела принимать участие в этом хакатоне и наслаждаться процессом,process
Это повод и отличный способ развить мои навыки в этой сфере  Я надеюсь  что у меня всё получится на выбранном на пути,result
В моём бэкграунде есть небольшой опыт разработки  веб разработки на ангуляре,result
В прошлом я немного занимался разработкой  веб разработкой на ангуляре,process
Я участвовала в конференции «нефть и газ» с докладом по аналитике на английском языке,process
Я имею высшее образование по профилю «информационные системы и технологии в бизнесе»  благодаря этому я получил навыки в разработке и проектировании систем,result
"Основным достижением я считаю защиту диплома по теме ""Сервис поддержки контент менеджера"" на оценку отлично и успешное прохождение учебной образовательной программы ИТМО 2022 цифровые решения дирекция региональных продаж от Газпромнефти  где я улучшил своих hard и soft skills",result
У меня есть диплом об окончании администрирования на базе OSALT  У меня есть диплом о завершении курса по астролинуксу,result
Я дважды участвовал в студенческих цехах от росатома по компетенции кибербезопасности продвинутого уровня,process
В одном конкурсе занял четвёртое место  в другом   третье,result
Имел опыт в управлении сети  построенной на unix операционных системах с помощью ansible,process
Участие в этом курсе   огромное достижение,result
На протяжении последних четырёх лет я также развивался и работал в нефтяной отрасли,process
Я имею высшее образование по профилю математическое обеспечение и администрирование информационных систем,result
Я учился в университете по профилю математическое обеспечение и администрирование информационных систем,process
Основным достижением я могу считать понимание сфер it технологии  математики и нефтяной промышленности  которые имеют между собой большое количество точек соприкосновения и дают спектр возможностей в развитии,result
Являюсь победителем и призёром различных мероприятий  Имею более 100 достижений в различных направлениях,result
Участвую в научно практической деятельности уже более 4 лет,process
Я занимаюсь разработкой проекта обеспечения информационной безопасности цифровых двойников  Это важное направление на сегодняшний день  поэтому я этим и занимаюсь,process
Также хотел бы отметить  что я включён в список государственного информационного ресурса о лицах проявивших выдающиеся способности  являюсь выпускником образовательного центра Сириус  неоднократно участвовал у них на программах,result
Имею хорошие отметки в высшем учебном заведении и также готов проявить себя на хакатоне,result
Чуть меньше опыта имею в рекомендательных системах,process
Также я увлекаюсь соревновательным Data science и имею там некоторые достижения,result
Я получила три различных диплома  включая диплом о переподготовке нефтегазовой отрасли  а также диплом по развитию Soft skills и вместе с этим была призёром таких конференций  как национальная конференция от арктического консорциума  а также различных конференций для молодых специалистов от Роснефти,result
Была призёром международной олимпиады прорыв   олимпиады для студентов от Газпрома  а также геологической олимпиады,result
Вместе с этим моя команда вошла в топ 6 лучших решений на международном чемпионате Кейна,result
Ещё ни разу не было такого  что моё незнание чего то мешало мне добиваться результатов  поэтому я буду рада участвовать в вашем мероприятии  применить свои знания  а также научиться чему то новому,result
Математическое моделирование мне стало интересно благодаря моему опыту работы в международной компании шлюмберже подразделения гидроразрыва пласта  где я проводила закачки ГРП  а также анализировала дизайны,process
Изучал такие темы как математическое моделирование  машинное обучение  большие данные,process
Знаю алгоритмы и структуры данных примерно на уровне ШАДа  языки pythpn  C++  сдал IELTS Academic на B2,result
Имею большой опыт работы по информационно аналитическому направлению,process
Являюсь целевым студентом научно технического центра Газпромнефти  Увлекаюсь точными науками  Увлекаюсь аналитикой и большими данными,process
Являюсь бронзовым призёром международных студенческих интернет олимпиад 2022 года по дисциплине теоретическая механика  Имею опыт в решении нефтегазовых кейсов,result
Прошёл стажировку в компании ПАО Газпромнефть в блоке логистики переработки избыток,result
Уверен  что на хакатоне смогу проявить себя на высшем уровне,result
Проучившись год в магистратуре по направлению информатика и вычислительная техника  я написала статью по применению машинного обучения для поддержания пластового давления,result
Во время обучения в магистратуре по направлению информатика и вычислительная техника  я писала статью по применению машинного обучения для поддержания пластового давления,process
Сейчас я прохожу курсы по данному направлению и прохожу стажировку в команде дата сантистов башни пинефти,process
Для меня попасть на хакатон и принять участие в кейсе   это новый вызов  в котором я очень хочу поучаствовать,process
Я приобрёл опыт работы в строительной сфере,process
Оновным достижением я могу считать успешное совмещение учёбы и предпринимательской деятельности,result
На протяжении последних двух лет я также занимался в it и бизнес направлениях  Я продолжаю обучаться новому  применяя знания в различных проектах,process
Также благодаря предпринимательству я приобрёл полезные навыки профессиональной коммуникации и мульти таскинга  способности добиваться поставленных целей Как лично  Так и в команде,result
На втором курсе с участвовал в Олимпиаде Яндекс по технологическому предпринимательству  прошел в финал  но к сожалению его не выиграл  А в данный момент я работаю в морской линии,process
На первом курсе я устроился работать по профессии ссудовым агентом в компании umf Агент  Мы агентировали ссуда в форту санкт петербурга и не только,process
Я бы хотел привести примеры  как я за не такое долгое время улучшил работу в данной компании  Я автоматизировал пояс опасных грузов  я автоматизировал грузовой план,result
Там я смогла полноценно поработать с программой 1С и многими другими  а сейчас я дополнительно углублённые изучаю английский язык и начала самостоятельно изучать SQL,process
Информационные технологии интересовали меня ещё и в школе когда я училась в информационно математическом классе  потом на первом втором курсе я изучала информатику  а на третьем курсе у меня появились такие дисциплины  как математические методы моделирования  эконометрика,process
Я поняла что с помощью информационных технологий я могу анализировать большие данные  статистические данные  делать различные прогнозы  выводы и с помощью моего исследования я могу заниматься решением различных бизнес задач и кейсов,process
Также я работала в компании PricewaterhouseCooper's Консультирование в департаменте налогового бухгалтерского учёта  где я подготавливала отчётность бухгалтерскую  внутреннюю отчётность  создавала платёжные поручения  выполняла различные бизнес задачи,process
Но и до этого я работал копирайтером в малых организациях и стартапах  Например я писал парауправленческий учёт  а также писал про финансовое инвестирование,process
До того как прийти к своему выбору я перепробовал многое  Например я участвовал в аттестационной программе от сбера с проектом детского научного подкаста  В проекте занимал роль project Manager а,process
с этим же проектом Я получил одноимённую корочку ТПО ИТМО,result
Помимо этого  что касается моих проектов  с 2016 по 2021 я вёл проект по созданию визуального контента одежды и ювелирных изделий  а сейчас я просто занимаюсь копирайтингом  пишу свои посты и иногда подрабатываю  пока обучаюсь магистратуре,process
Также я помогал в открытии ИП своей матери женский трикотаж   это магазин в ТРК Гулливер на станции метро Старая деревня  В мои задачи как раз входил  выбор ТРК  дизайн торговой точки  согласование рекламной вывески  создание рекламного ролика  Как раз созданием рекламного ролика я полностью занимался сам  то есть от съёмки в качестве фотографа до видеомонтажа  поэтому в программах adobe я очень хорошо а разбираюсь,process
В данный момент благодаря университету я имею возможность работать над своим собственным стартапом в качестве priduct менеджера,process
Мы разрабатываем умное зеркало  то есть главная задача нашего стартапа   это как раз оптимизация процесса выбора подходящей одежды,process
Мы хотим разработать умное зеркало  то есть главная задача нашего стартапа   это как раз оптимизация процесса выбора подходящей одежды,result
Также я работал в Глобусе в течение 7 месяцев   это вторая компания в России по мобильной разработке  вел собственно проекты до пяти человек по созданию сайтов ну и других,process
Вот и собственно в данный момент я нахожусь в поиске работы как разработчик на уровне Junior плюс или Middle минус,process
Там я выстроил систему аналитики в сферах показателей продаж и конечных затрат  оптимизировал бизнес процессы  организовал маркетинговый кластер для компании  провёл от 20 и более тендерных контрактов,result
Также около полутора лет был главой департамента внешнего консалтинга в общественной патриотической организации  Там я руководил командой из четырёх человек  занимался анализом данных  делал презентации  занимался поиском информации,process
Из достижений также ещё хочу отметить то  что мы вошли в топ 15 в последнем Moscow Cup,result
Был 2 года подряд получателем стипендии и лауреатом конкурса топ 50 студентов,result
Организовал два проекта москультуры,result
Занимаося организацией два проекта москультуры,process
Стал чемпионом  Помимо этого выигрывал внутривузовскую олимпиаду по сопромату и вместе с командой айтишников получил грант на Студенческом стартапе,result
Очень хочу поучаствовать в хакатоне и буду ждать вашего звонка,process
То есть что такое ориентировка на хороший результат я хорошо знаю,result
Я хочу попасть в ваш проект,result
Я хочу поучаствовать в вашем проект,process
Мне понравилось и я намерен дальше развиваться в данном направлении,process
Я с пяти лет занимаюсь спортом   плаванием  и получил звание кандидата в мастера спорта,result
Я с пяти лет занимаюсь спортом   плаванием  и имею звание кандидата в мастера спорта,result
Коммуникабелен  работал на петербургском международным экономическом форуме  что дало мне знание и понимание важности работы в команде,result
Коммуникабелен  работал на петербургском международным экономическом форуме,process
Обладаю сертификатами Базальт СПО системное администрирование и Cisco администрирование сетей,result
Занял призовое место в категории кибербезопасности,result
Имею сертификат о прохождении интенсива по машинному обучению,result
Прошел интенсива по машинному обучению,process
Принимал участие в летнем студенческом цехе от росатом,process
Мне посчастливилось поучаствовать в практиках от компании ПАО Газпром,process
Мы анализировали его,process
Мы уже анализировали предложение и внедрение  технологическое оснащение умных городов и выдвигали релевантное предложение Для внедрения в экосистему компании,process
От хакатона я жду встречи и взаимодействия со студентами и молодыми специалистами,process
От хакатона я жду повышения своей профессиональной компетенции,result
Я интересуюсь анализом  моделированием бизнес процессов  корпоративными информационными системами  проектными менеджментом,process
Я занималась внедрением SCP transportation менеджмента  Также я имею опыт работы в техподдержке решений SAP,process
Также я занималась в sppcloud academy и вошла в двадцатку лучших студентов в числе 1 000 человек по всему СНГ,result
Также я занималась в sppcloud academy,process
Я занималась в университете стартапами  Это геймификация изучения английского языка   первый стартап  а второй   применение технологии искусственного интеллекта в обучении английскому языку,process
Также я интересуюсь сферой машинного обучения,process
Я имею публикацию vacrings в журнале  научную статью  где я рассмотрела рынок искусственного интеллекта,result
Изучал языки c++ и python  математические основы программирования  базы данных  защиту информации  историю развития электронно вычислительных машин  проектирование автоматизированных систем обработки информации и управления  Также изучал Frontend разработку и писал простеньких ботов для Telegram на языке python,process
На данный момент являюсь студентом первого курса магистратуры Тюменского Государственного университета по направлению разработка интеллектуальных систем,process
Увидел информацию о проведении хакатона и понял  что был бы очень рад в нём поучаствовать,process
Я участвовала в различных кейс чемпионатах от LorealЗaris  от лидеркап  И также я работала на Октябрьском электровагоноремонтном заводе  где была секретарём,process
Также я писала дипломную работу со своим научным руководителем посвящённым Project management у и проходила практику в малом бизнесе как it компания,process
Также я написала дипломную работу со своим научным руководителем посвящённым Project management у и прошла практику в малом бизнесе как it компания,result
И теперь я хочу попасть в более крупную компанию  получить опыт и наконец таки стать менеджером и попробовать себя в бизнес аналитики  И надеюсь что у меня всё получится,result
В прошлом году я стажировался в компании SIP в отделе информационной безопасности,process
Я успешно защитил несколько курсовых работ по базам данных  курсовую по кибербезопасности и две практики в университете,result
Сейчас пишу ещё две курсовые работы  одну по базе данных и одну по анализу данных цифрового следа,process
До поступления в университет я участвовал в соревнованиях по информационной безопасности,process
До поступления в университет я участвовал в соревнованиях по информационной безопасности и занимал призовые места со своей командой,result
Помимо этого я увлекаюсь музыкой  дизайном  занимаюсь фото и видео аудиомонтажом,process
Было бы очень интересно и полезно получить новые навыки в данной сфере  потому что мне интересно и скорее всего она станет моей профессиональной деятельностью по выпуску из университета,result
Прошел практику в секторе синтеза и репродукции цвета  Сейчас там же и работаю,process
Имею публикацию по итогам конференции Tess  также имею публикацию по итогам конференции ТНТ на базе Самарского государственного института,result
Также занимал призовое место в хакатоне цифровой прорыв,result
Я была участником научной конференции  где поднимала вопрос о роли цифровых двойников логистики,process
Рассматривала примеры наукоёмких технологий в частности рассматривала цифровые логистические пространства  которые используются в Газпроме,process
Также участвовала в инженерном чемпионате СaseIn  то есть имею некий опыт решения кейсов нефтегазовой отрасли конкретно,process
А на данный момент я больше углубилась в аналитику  в частности предиктивные модели  как ими пользоваться в логистике  будут ли они полезны и смогут ли они предсказать нестабильную экономическую ситуацию,process
В командах чаще всего я занимаю позицию лидера  я занимаюсь этим с удовольствием,process
В любом случае всегда выходит весело и интересно  очень продуктивно,result
Я бы очень хотела поработать с другими участниками и очень хотелось бы попробовать свои силы,process
Уже как с июня занимаюсь машинным переводом нейросетевым и улучшаю качество машину перевода,process
За лето набирал опыта в машинном обучении в целом и вот в NLP,process
Начал изучать по GitHub н ШАДа NLP лекции  пытался проходить на стажировки,process
Пытался проходить в Контур  в Райффайзенбанк  альфа банк пытался  но пока не пошло  Не хватает пока что опыта в данный момент,process
Участвовал в лентонском хакатоне  участвовал в хакатоне от Wildberries,process
Стажировался в центральном офисе компании Лента  где в рамках проектного офиса мы производили первичный анализ бизнес процессов компании,process
Кроме того можно сказать  что я развиваюсь в этом направлении с точки зрения академической,process
Кроме того можно сказать  что я развиваюсь в этом направлении с точки зрения академической и имею достаточно неплохие успехи,result
"Например я в прошлом учебном году участвовал в Студенческой Олимпиаде ""Я профессионал»  ",process
По направлению бизнеса информатика  которая включает в себя анализ бизнес процессов и системный анализ  занял достаточно хорошие позиции  которые позволили мне участвовать в полуфинале и лишь немного мне не хватило  чтобы попасть в финал,result
Помимо этого развиваюсь также в иных направлениях  таких как управление командой и управление командой разработчиков в отдельности,process
Большое достижение лично для меня  что я поступила на бюджет,result
Я очень люблю читать  очень люблю гулять и очень люблю своих друзей  свою семью,process
Я очень хочу попасть на этот хакатон  потому что мне очень хочется развивать себя в области информационной безопасности и всего  что входит вообще в область информационных технологий,process
Я очень хочу туда попасть  чтобы узнать для себя много нового  приобрести полезный опыт,process
Я очень хочу туда попасть  чтобы достичь хороших результатов,result
Около 2 лет назад я в составе команды из четырёх человек разработал проект благоустройства набережной улицы в городе Пикалёво  Ленинградская область,process
У нас проходил архитектурный хакатон среди около 20 команд и мы со своим проектом заняли там второе место,result
Следующей моей победой я считаю разработку совместно с университетом ИТМО в ковидный год онлайн курс по ценообразованию в Bim,result
Мы там разбирали сметное дело и возможности его применения в информационной модели revit,process
Следующим и наверное главным моим достижением я считаю разработку полноценной аналитической программы  которая способна анализировать проектную смертную документацию на её полноту и самое главное выявлять ошибки в смертной документации,result
В данный момент также я активно интересуюсь 3D моделированием  делаю модели в таких программах как Blender и Fusion360,process
Из моих последних достижений могу отметить Победу в кейс чемпионате кубок ректора и также я был финалистом в кейс чемпионате имени Петра Великого,result
Я одержал победу в кейс чемпионате организованном компанией Сахалин Energy,result
По результатам данного чемпионата я прошёл отбор на стажировку в компании Сахалина Energy,result
Также я занял третье место в кейс чемпионате  организованном компанией Газпромнефть Шельф в рамках образовательного проекта энергетики,result
В Горном университете я занимаюсь научной деятельностью занимаюсь моделированием гидроразрыва пласта,process
У меня есть несколько статей по данной тематике  а также дважды я занимал второе место в конференции,result
Также в Горном университете состою в активе сообщества Society of petroleums enginees,process
Я интересуюсь финансами  построением различных экономических и финансовых моделей,process
Я занимаюсь программированием  а также люблю заниматься саморазвитием и спортом,process
Я принимал участие в решении кейса от РЖД по размещению логистических центров,process
На том кейс чемпионате мы успеха не добились  но он дал колоссальный опыт в данной тематике,process
На том кейс чемпионате мы добились успеха,result
Исходя из полученного мной образования  тема перевозок для меня не нова и я бы очень хотел принять участие в решении задач в рамках предстоящего хакатона,process
Я бы очень хотел принять участие в решении задач в рамках предстоящего хакатона,process
С тех пор я осваиваю работу с большими данными и анализ этих данных,process
Это помогает мне применять в своей работе новые знания,process
В хакатонах участвую для того  чтобы проверить и закрепить свои знания  учиться чему то новому,process
В хакатонах участвую для того  чтобы добиться успеха,result
В хакатонах участвую для того  чтобы создать что то,result
И буквально на днях я занял первое место на прошлом хакатоне,result
Надеюсь  что я попаду на ваще мероприятие и смогу показать то  на что я способен,result
Около года назад меня очень сильно заинтересовала тема искусственного интеллекта  я начал самостоятельно изучать этот раздел программирования,process
Также с помощью онлайн курсов знакомился с алгоритмами работы с различными библиотеками и работами  такими как H2O Федот или Лама,process
Также я являюсь победителем хакатона Applied AI Challenge  участником другого трека  и участником олимпиады ИТМО по треку искусственного интеллекта,result
От этого хакатона я надеюсь получить большой опыт  новые знакомства и улучшить свои текущие навыки и способности из личных интересов,process
Я люблю проводить время с друзьями  общаться  встречаться и так далее,process
А также я профессионально играю на фортепиано,process
Я был помощником project Manager а в Digital Studio  также помогал в разработке сайтов  пропись ТЗ  встреча заказчиками  запись  конспектировки и прочие вещи,process
Я бы хотел выделить из достижений   полгода практики в Callers,result
Я помогал с учётом документации и так далее,process
Всегда отмечали мою продуктивность,result
Всегда отмечали мою высокую трудоспособность,process
Всегда отмечали мою вовлеченность,process
Всегда отмечали мою заинтересованность в процессе,process
Всегда отмечали мое трудолюбие,process
То есть курирование проектов входило в мои обязанности,process
И последнее место  где я сейчас работаю   это бизнес ассистент генерального директора  В обязанности входит анализ конкурентов  плюс если у директора есть желание развивать новое направление  допустим если он хочет производить бетон  я анализирую рынок бетона  анализирую конкурентов  анализирую сайты  прописывают ТЗ  узнаю стоимость оборудования  рассчитываю фонд оплаты труда  рассчитываю окупаемость и так далее,process
В этом сообществе мы организуем различные мероприятия  одно из них это городской хакатон истек челлендж  который проходил в Петербурге в прошлом году,process
Мы также выиграли Грант на его реализацию в следующем году,result
Кроме того  этой весной я проходил курс по нефтегазовому делу,process
Кроме того  этой весной я прошел курс по нефтегазовому делу,result
А после этого я как раз вдохновился нефтегазом и захотел приблизиться к решению актуальных вызовов в этой отрасли,result
Именно поэтому я хочу попасть на этот хакатон и победить в нём  так как именно это приблизит меня к стажировке в компании и успешному будущему,result
Участвовал хакатонах и в последнем  кстати очень классном хакатоне  меня пригласили на стажировку и сейчас я а работаю в дирекции по материально техническому обеспечению в газпромнефти и занимаюсь мобильным приложением радар для водителей,process
Интересуюсь в принципе всеми сферами компании с основным упором на цифровизацию автоматизацию и оптимизацию бизнес процессов,process
В этот раз от хакатона я жду интересный кейс и обязательно новый опыт,process
Я уже третий год работаю с сети ветеринарных центров,process
Я работала с компаниями Лента  Я работала с компаниями магнит,process
Мой путь в it технологиях только начался  я ранее хакатонах не участвовала  но мне очень интересно,process
Мне очень интересно попробовать свои навыки на практике и посмотреть  что из этого выйдет,result
Есть а навыки Project managent a в рамках практики  реальной работы в beauty индустрии  в индустрии организации мероприятий и обучающих проектах,process
Также имею опыт Project Managment а в процессе организации образовательных процессов,process
Cобрала одну из своих наиболее любимых команд,result
С командой мы ранее участвовали в конкурсе Проэнергетика от Газпром нефти и заняли как раз таки первое место,result
С командой мы ранее участвовали в конкурсе Проэнергетика от Газпром нефти,process
Помимо этого сейчас изучаю я корейский,process
Я пишу книги вполне успешно,result
Я пишу книги,process
Я могу мотивировать других людей  люблю искать сильные стороны в людях  развивать их,process
Я командный игрок  но в целом могу выполнять эффективно задачи и сама,process
Красный диплом  одна из лучших студентов  староста уже шестой год  КВН щик  позитивный человек,result
Золото в олимпиаде,result
Я занял призовое место,result
Мой опыт насчитывает порядка пяти работ от статистики и макроэкономики до английского языка и международных отношений  поэтому хакатон для меня в первую очередь возможность познакомиться с классными крутыми специалистами  которые погрузят себя в ту отрасль  в которой они уже достаточно долгое время работают  расскажут тебе о каких то нюансах  каких то важных аспектах и конечно же дадут тебе обратную связь,result
И второй Аспект   это конечно же знакомство с классными  замотивированными  крутыми ребятами  которые любят брейнштормить  любят придумывают что то новое,process
По своему опыту могу сказать  что я достаточно легко вливаюсь в любые коллективы,process
Например в этом году мы с командой выиграли в Сup Russia 2022 года  хотя познакомились только на Чемпионате,result
Там мы придумывали три разных проекта для телеком  fmcg и it,process
Там мы придумали три разных проекта для телеком  fmcg и it,result
Я являюсь отличником и сдаю все экзамены и курсовые проекты на отлично,result
У меня все пятёрки с первого курса,result
Я уже участвовал в других конференциях международного уровня и Олимпиадах,process
Я являюсь призёром Олимпиад по математике и по химии  а ещё по русскому языку,result
У меня очень большой интерес к сфере it и искусственному интеллекту,process
Когда я не учусь  я занимаюсь программированием,process
Я уверен  что хакатон станет для меня хорошей возможностью развиваться и находить новые знакомства,process
У меня есть научные статьи  научные работы в области химии  в области растительного сырья,result
А в университете победитель научных конференций в рамках всероссийских научных конференций  призёр,result
В 18 лет достаточно серьёзный был результат  был создан стартап   это полноценный бизнес проект который был не просто отмечен  а он стал лучшим бизнес проктом в Калининградской области на региональном этапе,result
были те проекты которые я не подавал на различные конкурсы и Гранты  это исключительно были мои хобби,process
Я готова принести свой багаж знаний  Я уверена  что для команды я смогу принести интересные знания,result
Я являюсь участником конференций  олимпиад  пишу работы в сфере логистики в сфере таможни  а также экологии  про уничтожение товаров  про перевозку товаров  про интеллектуальную собственность,process
Экология   моя основная специализация  по которой я очень люблю развиваться,process
В прошлом году я обучалась в шанхайском таможенным колледже  обучение длилось полгода на английском языке,process
Я сдавала две сессии и Шанхае  и в России,process
Я хорошо сдала две сессии и Шанхае  и в России,result
Я не очень хорошо сдала две сессии и Шанхае  и в России,result
Я успешно сдала две сессии и Шанхае  и в России,result
И несмотря на то  что я была загружена на 150 из 100  я сдала всё на 100 баллов  на отличный результат,result
Я отличник в учёбе  я перфекционист в этом плане  Либо на отлично  либо я не берусь,result
Также я активный проектный участник  Мы работаем с командой уже давно и участвуем в различных хакатонах,process
А недавно с командой мы выиграли кейс чемпионат Газпромнефти,result
Помимо этого я выиграла с собственным проектом конкурс в рамках евразийской Молодёжной проектной школы,result
Также я выиграла конкурс имени блекцина от Института магистратуры,result
Я заняла высокое место в конкурсе,result
Я не заняла высокое место в конкурсе,result
Я занимаюсь фотографией  разработкой логотипов,process
А недавно с командой мы проиграли кейс чемпионат Газпромнефти,result
В настоящее время я активно развиваюсь в области анализа данных  обучаясь на специальности информационно аналитические системы безопасности  также изучаю Современные технологии анализа данных  применяемые методы,process
В будущем вижу себя профессионалом своего дела,result
В будущем вижу себя создателем нового продукта,result
Сейчас я работаю над созданием нового продукта,process
Из достижений я бы выделила  во первых  учёбу на отлично в университете,result
Во вторых прохождение практики в газпромнефтьгазе  где за 2 недели изучила технологии Deap Learning и научилась подбирать необходимые гиперпараметры для максимально эффективного обучения нейронной сети,result
Во вторых проходила практику в газпромнефтьгазе  где 2 недели изучала технологии Deap Learning и училась подбирать необходимые гиперпараметры для максимально эффективного обучения нейронной сети,process
Также являюсь лауреатом стипендии Правительства Российской Федерации и стипендии имени Правительства Москвы,result
Я являюсь руководителем Молодёжного экономического клуба,process
За свои 20 лет я успел поработать  на должности логиста  также успел позаниматься продажей электросамокатов  гироскутеров и прочего всего  что с этим связано,process
Не так давно проходил курсы ораторского искусства и продолжаю развиваться самостоятельно,process
Не так давно проходил курсы ораторского искусства,process
Не так давно прошел курсы ораторского искусства,result
Я руковожу Молодёжным экономическим клубом,process
В рамках этой модели у меня был рассмотрен случай нелинейной зависимости скорости химической реакции от насыщенности топлива,result
В рамках этой модели я рассматривал случай нелинейной зависимости скорости химической реакции от насыщенности топлива,process
В рамках этой модели я рассматрел случай нелинейной зависимости скорости химической реакции от насыщенности топлива,result
Проведены аналитические исследования  построены разностные схемы для численного интегрирования уравнений модели,result
Проводились аналитические исследования  построены разностные схемы для численного интегрирования уравнений модели,process
А разработанные вычислительные алгоритмы были реализованы в виде программы на языке python,result
А разработанные вычислительные алгоритмы реализовывались в виде программы на языке python,process
Проведено численное моделирование процессов внутри пластового горения при разных режимах распространения,result
Я проводил сравнение результатов аналитического исследования с результатами численного моделирования,process
Я провел сравнение результатов аналитического исследования с результатами численного моделирования,result
Я проводил численное моделирование процессов внутри пластового горения при разных режимах распространения,process
Хочу узнать про сферы продакт менеджмента машинного обучения  так как это будет тесно связано с моими стартапом,result
Я на данный момент времени хочу создать один стартап,result
Я на данный момент времени хочу заниматься создаванием одного стартапа,process
Если говорить про мой ближайший прошлый опыт  этим летом я участвовала в кейс чемпионате Проэнергетика по направлению машинное обучение,process
Если говорить про мой ближайший прошлый опыт  этим летом я участвовала в кейс чемпионате Проэнергетика по направлению машинное обучение и вместе своей командой заняла призовое место,result
Также я в университете на бакалавриате два года руководила студенческим проектом по мониторингу качества образовательной деятельности и консультировала студентов по учебным вопросам  по вопросам образования,process
Хочу узнавать про сферы продакт менеджмента машинного обучения  так как это мне интересно,process
Увлекаюсь программированием и всем  что с ним связано,process
Писал код на различных языках  C  Ruby  Java  Python  На двух последних есть наибольший опыт в использовании для разработки приложений и сервисов,process
Ещё готовлюсь к интервью для позиции в качестве Java Backend разработчика,process
Примеры моих работ есть у меня на GitHub е,result
А благодаря моим друзьям и знакомым я заинтересовался искусственным интеллектом  поэтому хочу изучить это направление для расширения собственного кругозора  ну а также для опережающего обучения  так как я в дальнейшем буду изучать машинное обучение и компьютерное зрение на своей образовательной программе магистратуры,process
До этого участвовал я только в одном хакатоне по искусственному интеллекту на базе университета ИТМО,process
Командой мы разработали проект по генерации изображения улицы санкт петербурга с применением Gan,result
Никаких серьёзных знаний в области Data Science у меня пока нет  но я стремлюсь устранить этот пробел,result
Я намерен довести работу до конца,result
Был награжден в санкт петербургском государственном университете на вручении наград имени Питера Дракера,result
Более того я стажировался с августа по сентябрь 2022 года в отделе высшей школы менеджмента по работе с выпускниками,process
Я целеустремлённый человек,result
Стала победителем в предпринимательском треке,result
У меня была стажировка в транспортной компании  где я много чему научилась новому и закрепила те знания  которые уже получила за время своей учёбы,result
А также сейчас я являюсь управляющей несколькими филиалыми  где танцуют бальные танцы маленькие дети  и занимаюсь недвижимостью,process
При этом всем я успеваю успешно совмещать свою учёбу с работой и получать новые знания,process
Я работаю в газпромнефть снабжении и мы занимаемся развитием внутреннего сервиса для облегчения взаимодействия с контрагентами,process
Хакатон Газпрома мне интересен больше наверное с точки зрения получения софт скилов в качестве работы проектным менеджером,result
Хакатон Газпрома мне интересен больше наверное потому  что я хочу поработать с какими то интересными кейсами,process
Во время учёбы в бакалавриате я участвовал в образовательных программах университета Сириуса которые как раз были направлены на внедрение новых цифровых сервисов,process
Это была небольшая конференция где мы углубились в основы эпотентоведения и создания патентных ландшафтов,result
Это была небольшая конференция где мы углублялись в основы эпотентоведения и создания патентных ландшафтов,process
Работал в Лукойл Богачёв Нефтегаз  в Газпромнефть Развитие и Газпромнефть МНПЗ,process
Во время обучения в институте я поняла  что хочу заниматься анализом данных и на протяжении уже года самостоятельно изучаю методы и технологии  позволяющие проводить этот анализ,process
Знаю Excel  Pyhton  SQL на достаточно продвинутом уровне,result
Из достижений могу выделить то  что вошла в число студентов  которые получали правительственную стипендию Москвы  а также обладаю достаточно высоким средним балом 4 89,result
Этим летом проходила практику в Газпром Информ в отделе криптографической защиты информации,process
Этим летом прошла практику в Газпром Информ в отделе криптографической защиты информации,result
Я упёртый  потому что вы видите  что 15 минут осталось практически до конца  но я всё таки решил  что нужно записать это видео,result
Второй момент  я подготовленный  у меня есть листочек  на котором я расписал свои плюсы,result
И третий момент  в первую очередь  я хочу поучаствовать  чтобы посмотреть какой кейс вы нам приготовили,process
"И про достижения вкратце  можете в поиск вбить ""Сколково магнит"" и прочитать обо мне ",result
Хотелось бы развиться и поработать ещё в других отделах  если позовёте  и порешать кейсы,process
Самое главное мое достижение   это то  что я интересуюсь тем  что вы хотите нам приготовить,result
"Я принимал участие в проекте ""кадры будущего"" для регионов и стал выпускником губернаторской школы ",process
"Я принял участие в проекте ""кадры будущего"" для регионов и стал выпускником губернаторской школы ",result
По окончанию третьего курса проходил практику по эксплуатации беспилотного летательного оборудования,process
По окончанию третьего курса прошел практику по эксплуатации беспилотного летательного оборудования,result
Кроме того стажировался в центральном офисе торговой сети Верный  где изучил внутреннюю систему информационной безопасности,result
Кроме того стажировался в центральном офисе торговой сети Верный  где изучал внутреннюю систему информационной безопасности,process
Мне бы очень хотелось попасть на хакатон от Газпрома  чтобы проявить себя,result
Мне бы очень хотелось попасть на хакатон от Газпрома  чтобы набраться опыта  познакомиться с новыми людьми,result
Работа с реальными данными вызывает у меня интерес  так как в процессе возможно не только проанализировать текущее состояние сферы исследования  но и прогнозировать тенденции развития любой отрасли,process
К своим достижениям отношу публикацию научной статьи в журнале Пермского политехнического института,result
Уверен  что участие в настоящем мероприятия поможет мне развиться свои компетенции  а также спроектировать свою траекторию развития в этой области,result
Настоящая работа была также отмечена дипломом второй степени в конкурсе научных работ с международным участием в городе санкт петербург,result
В 2020 году я закончила бауманку по направлению инноватика с красным дипломом,result
А в этом году закончила ИТМО по направлению беспилотники тоже с красным дипломом,result
Этим летом мы с командой участвовали в кейс чемпионате от Газпромнефти  в котором необходимо было предложить применение методов машинного обучения для АЗС,process
Мы предложили 10 способов  как повысить лояльность клиентов и ускорить обслуживание на АЗС  и стали победителями,result
В ИТМО я занимался различными организациями  так например с центром карьер организовывал различные мероприятия,process
Ну с выбором специализации я поторопился  Зато получил очень хорошую техническую подготовку,result
А также поучаствовал в организации международного саммита от фонда Half Price,process
Я очень хочу поучаствовать в хакатоне  потому что мне интересно прикоснуться к работе такой крупной компании как Газпром  у меня одним из любимых предметов была эконометрика,process
Данный опыт у меня уже есть  я решала различные кейсы,process
Также меня мотивирует то  что после хакатона есть возможность остаться на стажировке и потом остаться в команде  Очень хотелось бы,result
Так же про себя могу сказать  что я правительственный стипендиат и веду свои научные проекты,result
Я участвую в международных конференциях,process
Люблю космонавтику  собственно этим и увлекаясь большую часть времени,process
Играю в шахматы  люблю бегать,process
Последний год учусь по программе Data Science  Мой проект магистерский связан с анализом временных рядов,process
Более того  являлся участником международного обмена со школой Ульежа в программе Data Science (это университет в Бельгии)  Там изучал нейронные сети,process
Один из таких фан проектов для Газпромнефти ТЦ в блоке новых технологий должен выйти чат бот на днях  это я его сделал,result
Ну собственно всё немножко о себе в двух минутах больше не расскажу  Хотите   могу на полчаса занять ваше время  Я уже это видео перезаписываю полчаса,process
Я до этого никогда не участвовал в хакатонах или каких то кейс чемпионатах  но при этом очень много читал про них,process
Это будет хорошая попытка для меня и вот поэтому я записываю это видео,process
Я учусь в Университете четвёртом курсе как видно по моей причёске хожу на военного кафедру,process
Мы с другом с прошлого года занимаемся нашим мини стартап проектом,process
Мы создали продукт из нескольких комплектующих,result
Образно говоря мы готовим маршмеллоу на свечах то есть его можно приготовить где угодно,process
Вот и сейчас мы активно занимаемся этим,process
Первую партию товара мы уже выпустили  активно занимаемся её распространением  ищем себе маркетологов и других сотрудников,result
Будем как то развивать наш товар,result
Вот этим мы сейчас занимаемся,process
А теперь ещё хотел бы добавить что в свободное время играю в настольные игры,process
Кроме того люблю почитать  погулять  ну и в компьютер поиграть,process
Хотим как то развить наш товар,result
Если говорить про средний балл  то он составляет 9 3 по итогам обучения на третьем курсе,result
Кроме того  дополнительно прохожу образование на различных онлайн платформах,process
Успешно закончила такие онлайн курсы как финансовые технологии  теория организации и стратегический менеджмент на английском языке,result
Также хотела бы рассказать  что в прошлом году участвовала в конкурсе исследовательских студенческих работ am и C Junior,process
По итогам проведения конференции работа была выбрана и опубликована в сборнике,result
Также есть и другие публикации  например  посвящённая развитию транспортного обеспечения арктического региона и оценок эффективности логистической деятельности порта,result
Люблю учиться,process
Я хотела бы стать стажером вашей компании,result
Я являюсь призёром кейс чемпионата Твой вектор  на котором разрабатала бизнес стратегию для сети общественного питания Евразия,result
Второе  я являюсь участником Джимом 2021  озон,result
И третье  я являюсь также призёром кейс чемпионата  посвящённого ребрендингу и разработке новой актуальной бизнес стратегии для библиотеки имени Ленина,result
"Я являюсь участницей десятой международной научно практической конференции посвящённой памяти профессора Петрова ""Профессия бухгалтера   важнейший инструмент эффективного управления сельскохозяйственным производством""  проводимая казанским государственным аграрным университетам 15 марта 2022 года ",process
"Статья моего авторства ""криптографические активы бухгалтерский учет в соответствии sms фо"" была принята к печати в сборнике материалов национальной научно практической конференции с международным участием инновационное образовательные технологии как инструмент развития интеллектуального потенциала региона проводимая кабардино балкарским государственным университетом в период с 25 по 26 мая ",result
Я буду очень рада поучаствовать в хакатоне снабжение цифровая эволюция,process
вообще направление искусственного интеллекта очень меня привлекает и у меня есть огромное желание и потенциал развиваться в этом направлении и связать с ним мою жизнь,process
Несколько лет назад начал изучать (в основном самостоятельно) искусственный интеллект и на данный момент уже добился определённых результатов,result
Так например на демоэкзамене по стандартам worldskills по направлению машинное обучение и большие данные набрал 86 баллов   наибольшее количество баллов в России,result
Также по этому же направлению занял первое место в отборочном чемпионате ВУЗа Тюменского магистрального университета,result
Опубликованы две научные статьи  а также принимал участие в научных конференциях  в частности  в международных,result
На федеральном интернет экзамене выпускников бакалавриата получил Серебряный сертификат,result
"Также результаты выпускной квалификационной работы бакалавриата по теме ""цифровая система мониторинга показателей деятельности университета"" были приняты к внедрению в Тюменский магистральный университет  ",result
До переезда в санкт петербург работал специалистом по информационным технологиям в строительной компании страна девелопмент и в автомобильной компании базис моторс  а также работал бизнес аналитиком в тюменском магистральном университете,process
благодаря Олимпиаде Я профессионал я поступаю на направление ИТМО и начинаю активно заниматься самообразованием  проходить курсы  читать литературу соответствующую  чтобы какие то знания получить,process
Имею сертификаты  немецкий уровень C1  английский уровень B2,result
Хотел бы поучаствовать чтобы получить какой то опыт в этой сфере,result
Хотел бы поучаствовать понять как это используется как применяется,process
Имею высокий рейтинг,result
Я хотел бы получить более обширное понимание  как там всё устроено изнутри  как происходит процесс и какие сейчас есть проблемы,process
Я хотел бы получить более обширное понимание  как проявить себя и в дальнейшем уже в них развиваться,result
Хочу профессионально развиваться далее уже в финансовой сфере,result
Сейчас занимаюсь в рамках развития стартапов стартап студии ИТМО,process
"У меня есть ielts международный сертификат английского языка с шестью баллами  в научном сфере писал ВКР на тему ""взаимосвязь фактора Зелёной экономики и уровня бедности в Европейском союзе и России"" и далее она была опубликована в журнале ",result
И также ещё среди достижений своих выделяю то  что я легко разбираюсь в каких то новых для меня неизвестных сферах,process
О себе могу сказать  что я достаточно активный  участвую во многих мероприятиях  проводимых нашим любимым вузом  а также являюсь организатором некоторых из них  что считаю немаловажным фактором,process
В школьные годы я проходил Олимпиаду в данном университете,process
получил дипломы первый и третий степени по физике и математике соответственно,result
Также являюсь членом сборной университета по мини футболу,process
имею разряд по тайскому боксу,result
"Как говорил Отто Октавиус в небезызвестном фильме ""Человек паук""  ""Питер Паркер умный  но ленивый""  Это про меня  но я борюсь с ленью",process
для этого я прохожу курсы  пробуюсь на различные стажировки и стараюсь принимать участие в решении максимально реальных кейсов,process
Я уже прошёл тестовое задание,result
сейчас записываю интервью и надеюсь  что я получу возможность познакомиться ближе с компанией и принять участие в хакатоне по решению реальных задач в области анализа данных,process
Основным своим достижением могу считать успешное совмещение учёбы и проектной деятельности,result
Благодаря своему высшему я приобрёл опыт в разработке и создании информационных систем,process
На протяжении полутора лет я также активно развиваясь в Big Data и Machine Learning,process
Я продолжаю обучаться новому и применяю свои знания в различных проектах  также пытаюсь участвовать соревнованиях и хакатонах,process
В данном же хакатоне я участвую  чтобы получить оценку моих знаний и навыков улучшить hard и  soft skills,result
Занял первое место в кейс чемпионате по машинному обучению от Лиги ВУЗов и Газпром нефти,result
Что касается моего профессионального развития  я работал в газпромнефти цифровые решения над проектами  связанными с беспилотным летательными аппаратами  а именно с приложением для операторов,process
После я работал в университете ИТМО  разрабатывая различные программные обеспечения  а также применение искусственного интеллекта в киберфических системах,process
И на данный момент я работаю devops инженером в компании лига цифр экономики,process
Занимался машинным обучением на протяжении полутора лет  в том числе в ходе обучения по своей специальности,process
Относительно того  чем я могу похвастаться  у меня высокий средний балл в ВУЗе,result
Но больше всего меня интересует то  как руководители решают определённого рода задачи,process
Сам себя вижу в аналитике  но также мне меня интересует it  транспорт  менеджмент,process
я часто выступал на конференциях с разными докладами и часто моей темой было бизнес  то  в каком он состоянии  какой у него потенциал или какие то определённые сферы  которые могут развиваться,process
И я надеюсь  что в хакатоне я больше узнаю о бизнесе  о том как руководители принимают решения и возможно это поможет мне самому в будущем когда то вести свой бизнес,process
Думаю мне это будет интересно и я смогу в будущем развиваться в одном из этих направлений,process
Прошла летний цех от Росатом  это был летний интенсив  длился около недели  однако за это время я смогла изучить различное поведение трафиков  то есть научилась их отслеживать по различным протоколам с помощью виртуальных машин,result
Также прохожу на данный момент курсы в компании Информзащита по направлению консалтинг и аудит,process
Также из имеющихся уже пройденных курсов это APILinux  летняя практика у меня проходила с дронами,result
Мы учились с помощью программы metashapePro и geoscan обрабатывать массивы данных  в данном случае это снимки  и с помощью них делать ортофотоплан местности,process
Также сейчас я учусь в ИТМО по программе мобильный облачные технологии в магистратуре и в целом планирую дальше продолжать свой учебный путь,process
На протяжении учёбы в бакалаврские года я участвовала в различных летних школах  конференциях  хакатонах,process
Прослушала курс лекций по имитационному моделированию от Open Modelica на английском языке,result
Поучаствовала в летней школе от Иннополиса на тему российского интеллекта  на котором наша команда заняла третье место,result
Мы работали над составлением свода лучших практик  которые есть в области искусственного интеллекта,process
Было очень интересно  читала в это время очень много различных статей  которые для меня заставили задуматься над этичностью многих it проектов и технологий,process
"Во время учебы участвовала в различных олимпиадах  таких как ""я профессионал"" в направлении бизнес информатика  и посещала лекции Сбербанка ",process
"Диплом я писала на тему ""разработка модели прогнозирования ESG""  поскольку это Очень актуальная тема и моя модель прогнозировала индекс ESG в зависимости от доходов компании и других показателей ",process
В целом очень хочу поучаствовать хакатоне и надеюсь  что смогу присоединиться к ребятам,process
Сейчас я продолжаю заниматься наукой и рассматриваю альтернативные источники энергии,process
Я считаю  что необходимо расширять кругозор и читать дополнительные научные статьи  а также научную литературу связаны с экономикой  посещаю кейс чемпионаты и прохожу курсы на открытом образовании,process
Недавно я закончила курс  посвящённый финансово грамотности,result
Этим летом я проходила стажировку в компании Евросиб в логистическом отделе заполняла и вводила данные по первичным документам,process
Сейчас же я прохожу практику в компанию Урса Евразия в отделе бухгалтерии,process
Также за время обучения у меня был опыт прохождения различных кейс турниров и молодёжных форумов,process
Также за время обучения я прошла различные кейс турниры и молодёжные форумы,result
Я вообще занимаюсь информационной безопасностью  продвигаюсь больше там и сейчас я стажируюсь в компании на стажёра по информационной безопасности  но тем не менее из заявленных тем я выделяю Data Science,process
Для меня это первый опыт и попробовать себя в таком было бы вообще отлично и хорошо,process
Эта тема мне нравится  ее я рассматрияваю как не менее важную и интересную в своей жизни после информационной безопасности,process
Я прошёл довольно много курсов по этой тематике  в том числе как курсы от Тинькоффа,result
Мне стало интересно поучаствовать в этой программе  чтобы попробовать свои силы,process
За своё время обучения в университете я в основном участвовала в конференциях пару раз и в конкурсах,process
Мы с командой   победители конкурса  такое было небольшое маркетинговое исследование и затем нас напечатали в журнале,result
Также по дисциплине менеджмент у нас был очень интересный преподаватель со своей интересной методикой и он в каждый курс проводит бизнес игры  в которых мы конечно же тоже участвуем,process
Я также проходила стажировку в компании  Благодарна компании за тот опыт  который я получила,process
Поэтому в течение 3 4 лет уже я занимаюсь коммерческой разработкой на фрилансе,process
В одиннадцатом классе я поступил в университет ИТМО благодаря олимпиаде по математике,result
В университете я большую часть времени стал посвящать программированию,process
В университете я большую часть времени посвящал программированию,process
В университете я большую часть времени посвятил программированию,result
Для меня возможность учиться и работать среди единомышленников стала основным источником мотивации  Я всё глубже и глубже погружался в сферу it и программирования,process
Помимо этих дисциплин я также увлекаюсь экономикой и менеджментом  так как считаю  что данное направление позволяет более глубоко понять структуру и развитие современного бизнеса,process
Коммуникации тоже очень важны  поэтому я с раннего детства изучаю английский язык и по сей день поддерживаю высокий уровень языка,process
Параллельно ему я изучаю китайский язык на уровне B1  так как считаю  что это является перспективным навыком в работе и коммуникации с людьми,process
Сейчас я нахожусь на этапе своего развития  когда помимо просто обучения университете и какой то теории мне нужна практика  настоящей опыт работы  посмотреть  изучить изнутри  как работают большие компании  как это всё устроено,process
Поэтому я бы хотел пройти стажировку вашей компании,result
За это время я успел поучаствовать в мегаолимпиаде ИТМО и победить в ней  благодаря чему я и поступил магистратуру  а также принял участие в двух хакатонах ипайто челлендж  одним заданий которого было предсказание дебета нефти в скважинах,result
Поучаствовать в данном хакатоне я решил для того  чтобы потренироваться на реальных кейсах  набраться в этом опыта,process
Поучаствовать в данном хакатоне я решил для того  чтобы попасть к вам на стажировку,result
Япришла на позицию аналитика данных  потом перешла на позицию скаута  Дальше я стала Project Manager ом,result
На данный момент я имею свою команду  в которой есть шесть человек и мы реализовываем Интересные проекты,process
Также есть опыт в различных проектах вне работы  то есть это более частные  smm проекты развития брендов  развития бизнеса  запуск приложений  запуск различных лендингов и раскрутка,result
Сама по себе очень жизнерадостная  целеустремлённая  много путешествую,result
Просто очень целеустремлённая  яркая девушка  которая знает чего хочет,result
Из навыков как для анализа данных есть базовые знания питона  базовые знаний SQL (ну его сейчас учу)  уверенное знание Excel,result
Опыт у меня был работы в компании ООО ВСС   это аэропорт Пулково  работал в отделе коммерческого маркетинга  то есть не авиационного маркетинга  занимался разработкой нового проекта терминала внутренних вылетов  то есть мы делали среду в этом терминале комфортной для пассажиров  чтобы они делали больше покупок  чтобы они побольше держались перед вылетом,process
Помимо основных маркетинговых задач я занимался оптимизацией работы команды нашей посредством таких агрегаторов как Miro  Jiro и Trello  то есть организация рабочих процессов,process
Также хотелось заметить  что я активный студент  не только хорошо учусь на 7 4 из 10  но и занимаюсь учебной деятельностью,result
Я хорошо учусь на 7 4 из 10,result
Также я была отобрана в воронку для участия от Пермского кампуса и отобрана в составе делегации Перми для участия во Всероссийской Студенческой весне,result
Мы участвовали в проидлик сидераторе по созданию умного дома,process
Мы участвовали в проидлик сидераторе по созданию умного дома  который далее был внедрён в ЖК комплексы в городе Пермь  который называется ILove,result
Также я была организатором многих мероприятий студактива  на моём счету концерты  вместимостью в 150 человек,process
Также я организовала много мероприятий студактива  на моём счету концерты  вместимостью в 150 человек,result
Также я организовывала много мероприятий студактива  на моём счету концерты  вместимостью в 150 человек,process
Также в вышке мы решали большое количество кейсов таких компаний как SBS консалтинг  Лукойл и так далее,process
внедряли наше решение в деятельность самой организации,process
эффективно внедрили наше решение в деятельность самой организации,result
Я проходила практику на фармацевтическом заводе медисорб  также в Лукойл е и во многих крупных компаниях,process
Также я работала в сфере маркетинга Product management а и была менеджером артиста большой крупный эстрадной школы,process
В 2021 году награжден дипломом за успехи в учёбе и активном участии в научных и общественных мероприятиях  Также пользуюсь авторитетом в студенческом коллективе,result
В 2020 году прошел обучение по курсам материальной биологии  геофизики и процессам технологии,result
Участвовал в различных мероприятиях как молодой специалист,process
Являюсь участником всероссийского турнира по биологии,process
Также участвовал в научно техническом конкурсе,process
На третьем курсе проходил производственную практику с 17 июня по 29 июля 2022 года,process
С 18 августа начал работать в филиале газпром проектирование как инженер проектировщик,process
Благодаря своим стараниям  усилиям и неподдельному интересу к нефтегазовой отрасли  я победила в пятом сезоне профессиональной всероссийской студенческой олимпиаде по геологическим наукам,result
Близкое знакомство с цифровыми технологиями началось с момента моего прохождения стажировки в центре herofot в городе Томск,process
Там приходилось работать с большим количеством данных  правильно подготавливать и обрабатывать датасет для построения корректной геологической гидродинамической модели участка месторождения,process
С того момента я заинтересовалась такими понятиями как Data Science и Machine Learning и начала своё самостоятельное изучение этих понятий в одной из известных онлайн школ по профессии Data Science инженер,process
Участие в хакатоне цифровые сервисы станет большим шагом для меня в реализации данной цели,result
Занимаюсь научной деятельностью  такой как написание научных статей  которые публикуются в дальнейшем,process
Летом проходила стажировку по своему направлению  как экономика  помощник бухгалтера,process
Занималась проведением и проверкой кассовых операций юридических лиц  систематизацией первичной документации и сверкой с поставщиками,process
Провела и проверила кассовые операции юридических лиц  систематизировала первичную документацию и сверила с поставщиками,result
Также с моей прекрасной командой мы выиграли Всероссийское образовательный кейс чемпионат Проэнергетика под эгидой лиги ВУЗов Газпромнефти в треке ESG закупки,result
Я участвовала в различных научных конференциях  но не сильно углублялась в специальность  поскольку ВУЗ не стремился направлять нас на различные мероприятия  форумы и так далее,process
"сейчас я перешла на второй курс магистратуры в санкт петербуржском государственном экономическом университете по направлению международная экономика и уже за первый курс я успела написать статью на тему ""Оценка конкурентоспособности экспорта крупнейших стран мира""  поучаствовать в нескольких научных конференциях  даже стать победителем в одной из них  а именно в международной научно практической конференции молодых учёных ""Научные исследования современных проблем развития России"" ",result
По специальности экономика я пока ещё не работала,process
Работала тренером по художественной гимнастике для того  чтобы заработать какие то деньги  пока учусь,process
Но по специальности не работала  однако сейчас стараюсь активно участвовать в образовательных форумах  хакатонах и других мероприятиях для того  чтобы набирать опыт именно по специальности экономика для своей будущей карьеры,process
Учусь на отлично в своём университете,process
За спиной имею опыт участия в кейс чемпионатах  таких как Case In,process
К сожалению призовых мест,result
есть опыт активного участия и опыт создания команды,process
Есть опыт участия в тематических конференциях  посвященных а журналистике и развитию бизнеса в малых регионах,process
Активный молодой человек  стремительно развивающийся  готов меняться  готов впитывать информацию  главное  чтобы это было полезно и применимо в моей текущей сфере деятельности,process
Месяц назад проходил практику линейной печорской промысловой службе техником,process
Месяц назад прошел практику линейной печорской промысловой службе техником,result
"Имею публикации и статьи на темы ""инвестиции в Российский бизнес"" и и""зменения фильтрационной им костных свойств пласта при изменении состава воды ПДД"" ",result
"Пишу публикации и статьи на темы ""инвестиции в Российский бизнес"" и и""зменения фильтрационной им костных свойств пласта при изменении состава воды ПДД"" ",process
Являюсь победителем Студенческой отраслевой олимпиады Газпром  Хочу пробежать марафон,result
Победа!,result
Хочу выпустить свою коллекцию одежды,result
Хочу стать профессионалом ,result
Вижу себя создателем платформы для общения,result
целеустремленный,result
Мою статью внесли в список лучших,result
Я все довожу до результата,result
Я все довожу до конца,result
Я всегда довожу работу до идеала,result
Я ориентирован на результат,result
Я ориентирован на работу,process
я стремлюсь выиграть,result
мне удалось привлечь к своему проекту спонсоров,result
я придумал новую программу скидок и акций,result
благодаря моей идее доход компании возрос на 10 процентов,result
это привело к падению дохода и спроса ,result
я не боюсь ставить цели и достигать их,result
не всегда удается выполнить поставленные задачи,result